Time_ns	A	B	Result	Valid
65000	303379748	3230228097	0	1
75000	2223298057	2985317987	1.84467E+19	1
85000	112818957	1189058957	2147483647	1
95000	112818957	1189058957	2147483648	1
105000	112818957	1189058957	1.81237E+19	1
115000	112818957	1189058957	2.71316E+18	1
125000	112818957	1189058957	1.34148E+17	1
